<?xml version="1.0" encoding="UTF-8" standalone="yes"?>
<uploadJob>
    <mriInformation>
        <deviceSerialNumber>166066</deviceSerialNumber>
        <magneticFieldStrength>3</magneticFieldStrength>
        <manufacturer>SIEMENS</manufacturer>
        <manufacturersModelName>Prisma</manufacturersModelName>
    </mriInformation>
    <patientBirthDate>01/01/2018</patientBirthDate>
    <patientSex>M</patientSex>
    <studyDate>24/04/2018</studyDate>
    <studyDescription>QUALITE^ACR</studyDescription>
    <studyInstanceUID>1.4.9.12.34.1.8527.1055327555285706580577277850348741441336</studyInstanceUID>
    <subjectIdentifier>1319E9-238B-11</subjectIdentifier>
    <uploadDate>13h20m20s</uploadDate>
    <uploadState>FINISHED_UPLOAD</uploadState>
</uploadJob>
